[
  {"url":"https://i.postimg.cc/pLQ8Fvbj/g.jpg"},
  {"url":"https://i.postimg.cc/FzqbDVDJ/image.jpg"},
  {"url":"https://i.postimg.cc/nLtkyTZ4/imageh.jpg"},
  {"url":"https://i.postimg.cc/fWgvzMDT/imaget.jpg"},
  {"url":"https://i.postimg.cc/N0Y6JM7b/imagge.jpg"},
  {"url":"https://i.postimg.cc/MT6YTTnX/imagje.jpg"},
  {"url":"https://i.postimg.cc/ZRwxySNH/yu.jpg"}, 
  {"url":"https://i.postimg.cc/qB3SFDKc/18262919-012-724c.jpg"},
  {"url":"https://i.postimg.cc/gkbQbyyC/20727206-010-ba75.jpg"},
  {"url":"https://i.postimg.cc/W3QK3gBJ/20727206-015-98e4.jpg"},
  {"url":"https://i.postimg.cc/sgVLvVNK/21409588-011-1f6f.jpg"},
  {"url":"https://i.postimg.cc/XvqDks3C/21409588-069-a8c5.jpg"},
  {"url":"https://i.postimg.cc/wj0GNCKz/21409588-087-54af.jpg"},
  {"url":"https://i.postimg.cc/qqyFCgrD/22046511-005-b9b2.jpg"},
  {"url":"https://i.postimg.cc/wT5Pqt07/22046511-020-7f6c.jpg"},
  {"url":"https://i.postimg.cc/CK2rPbL6/22046511-026-baff.jpg"},
  {"url":"https://i.postimg.cc/bJ2CKdZY/22143776-120-b4e9.jpg"},
  {"url":"https://i.postimg.cc/x1Ts96X4/22143776-381-524b.jpg"},
  {"url":"https://i.postimg.cc/J4862rMm/22143776-444-706d.jpg"},
  {"url":"https://i.postimg.cc/ZKL7kG5N/22143776-506-a722.jpg"},
  {"url":"https://i.postimg.cc/sf7HmQFw/23093914-005-d10c.jpg"},
  {"url":"https://i.postimg.cc/T1M7GGbV/23093914-006-0aee.jpg"},
  {"url":"https://i.postimg.cc/D0rCwDQt/23093914-017-5c47.jpg"},
  {"url":"https://i.postimg.cc/CxPc5bDL/40015861-003-ce9b.jpg"},
  {"url":"https://i.postimg.cc/Gp4qy9JP/40015861-010-a1fa.jpg"},
  {"url":"https://i.postimg.cc/brhTWgXL/41512210-009-902e.jpg"},
  {"url":"https://i.postimg.cc/SKHV7qDB/41512210-010-5abd.jpg"},
  {"url":"https://i.postimg.cc/1t6BvTdf/41512210-012-2342.jpg"},
  {"url":"https://i.postimg.cc/Dy76cxPw/44245007-028-96f3.jpg"},
  {"url":"https://i.postimg.cc/h4LMxkxY/44245007-036-e17f.jpg"},
  {"url":"https://i.postimg.cc/2y7wDWrY/48508363-026-5429.jpg"},
  {"url":"https://i.postimg.cc/fT5KqY8j/48625117-004-ae9f.jpg"},
  {"url":"https://i.postimg.cc/fRLvGkF4/48625117-024-320c.jpg"},
  {"url":"https://i.postimg.cc/FHBxNN5Y/54892070-007-afd6.jpg"},
  {"url":"https://i.postimg.cc/90CdJfTn/54892070-009-2bcb.jpg"},
  {"url":"https://i.postimg.cc/gJvyVhwh/54892070-014-2a02.jpg"},
  {"url":"https://i.postimg.cc/6qcdSNf5/55527632-006-8d4f.jpg"},
  {"url":"https://i.postimg.cc/RCLQqcx5/55527632-010-d8ae.jpg"},
  {"url":"https://i.postimg.cc/rFyG4Kqd/55527632-023-563a.jpg"},
  {"url":"https://i.postimg.cc/kXjQvq5T/55527632-038-154c.jpg"},
  {"url":"https://i.postimg.cc/MpvysNMq/55527632-040-3a43.jpg"},
  {"url":"https://i.postimg.cc/DwH1R6Ls/58841363-020-ea88.jpg"},
  {"url":"https://i.postimg.cc/BvF23FBz/58841363-025-f8ed.jpg"},
  {"url":"https://i.postimg.cc/SspCxKZx/58841363-035-aa54.jpg"},
  {"url":"https://i.postimg.cc/j2xfyFYV/58841363-053-8e9a.jpg"},
  {"url":"https://i.postimg.cc/V6BMrcTB/58841363-058-a361.jpg"},
  {"url":"https://i.postimg.cc/66cnBtCB/58841363-092-88fa.jpg"},
  {"url":"https://i.postimg.cc/5ysCgSfX/58841363-105-395a.jpg"},
  {"url":"https://i.postimg.cc/xTdHChPM/58841363-117-3600.jpg"},
  {"url":"https://i.postimg.cc/28XWBGHJ/59713675-006-e324.jpg"},
  {"url":"https://i.postimg.cc/13nq0F2z/60790682-002-d620.jpg"},
  {"url":"https://i.postimg.cc/9Q6qLMHY/61622200-021-17e2.jpg"},
  {"url":"https://i.postimg.cc/g03LQWYF/61622200-051-6569.jpg"},
  {"url":"https://i.postimg.cc/wvHRdGvt/64840275-004-3858.jpg"},
  {"url":"https://i.postimg.cc/44W7rwTd/64840275-012-6af2.jpg"},
  {"url":"https://i.postimg.cc/8cX7MkbW/66677616-221-f3f4.jpg"},
  {"url":"https://i.postimg.cc/KvVKYzjh/81427669-006-8c53.jpg"},
  {"url":"https://i.postimg.cc/dVyhZYZk/81427669-016-9955.jpg"},
  {"url":"https://i.postimg.cc/3JW47pKZ/81801226-004-176b.jpg"},
  {"url":"https://i.postimg.cc/mrWtQ57d/81801226-014-c96a.jpg"},
  {"url":"https://i.postimg.cc/MG0XtmDz/87769681-016-81dd.jpg"},
  {"url":"https://i.postimg.cc/4dJy0HLV/87769681-045-0a67.jpg"},
  {"url":"https://i.postimg.cc/JnP0C7vg/87769681-047-4aa1.jpg"},
  {"url":"https://i.postimg.cc/rFdm7kJn/91294080-004-50ad.jpg"},
  {"url":"https://i.postimg.cc/Wzy4tW2w/91294080-013-c33c.jpg"},
  {"url":"https://i.postimg.cc/gkfJWTtY/94824658-067-d7ed.jpg"},
  {"url":"https://i.postimg.cc/Z5pqKxX6/95400845-063-c774.jpg"},
  {"url":"https://i.postimg.cc/0Nvy6JqF/95400845-072-b960.jpg"},
  {"url":"https://i.postimg.cc/g0Kk3kzJ/95400845-099-29cf.jpg"},
  {"url":"https://images-ext-1.discordapp.net/external/keM3hBt50iEifbBTpkFfEwvnQoXacClBr7mmEGb7qwU/https/cdn.boob.bot/ass/4F56.JPG"},
  {"url":"https://images-ext-2.discordapp.net/external/4jaB1xUOrNKBCxB6wb59tmIFAzPOatZATrFLK1J1jhc/https/cdn.boob.bot/ass/4EB1.JPG"},
  {"url":"https://images-ext-2.discordapp.net/external/zICCORE_11Fh6xP3jjuU3-Dj5po8hikYLbmhkxulEAI/https/cdn.boob.bot/ass/4DD0.JPG"},
  {"url":"https://images-ext-2.discordapp.net/external/pTgOxqz8tgtx8I378fi-urSij_52C2nMoU_jpt2RzaA/https/cdn.boob.bot/ass/4C68.JPG"},
  {"url":"https://images-ext-2.discordapp.net/external/LWzLXpNrOBB-2oAti7KExPu0nRKyfAKjVGwxLnIDdLM/https/cdn.boob.bot/ass/4CB0.JPG"},
  {"url":"https://images-ext-1.discordapp.net/external/HH4ssv5nMNjvTGisV0tNOT1yBWBmOgxlXCIB0-h6zYw/https/cdn.boob.bot/ass/4F56.JPG"},
  {"url":"https://images-ext-2.discordapp.net/external/Q8o3NGfW_3XWo2cO-PADoJ3S95s2EiSzphhp4rTMNmc/https/cdn.boob.bot/ass/4DD0.JPG"},
  {"url":"https://images-ext-1.discordapp.net/external/KycYQSFIWAOADTCKLHDG9MG3lvP02XZG6Rf46CAidsw/https/cdn.boob.bot/ass/4D94.JPG"},
  {"url":"https://images-ext-1.discordapp.net/external/jUcviugqOXHuM-sluqTD_K9d93YVSVIKdVWyn69qFw8/https/cdn.boob.bot/ass/4FEC.JPG"},
  {"url":"https://images-ext-1.discordapp.net/external/wleFwbFRh1gzJmc5R2IhWJ0_ee9pPguLy6JkyEnZyrU/https/cdn.boob.bot/ass/4DB2.GIF"},
  {"url":"https://cdn.iamxxx.com/photos/aaad6d560ab912628faafc8b89fdb3ea/28000/28445/12.jpg"},
  {"url":"https://cdn.iamxxx.com/photos/3d4855ea72ce14c2bbaa0fee289027b9/31000/31116/1.jpg"},
  {"url":"https://cdn.iamxxx.com/photos/e9b2f9ac4730ee79738af815cb3c34e2/28000/28445/13.jpg"},
  {"url":"https://photos.xgroovy.com/contents/albums/sources/288000/288952/285422.jpg"},
  {"url":"https://photos.xgroovy.com/contents/albums/sources/145000/145613/141384.jpg"},
  {"url":"https://photos.xgroovy.com/contents/albums/sources/146000/146041/141818.jpg"},
  {"url":"https://photos.xgroovy.com/contents/albums/sources/111000/111331/107009.jpg"},
  {"url":"https://photos.xgroovy.com/contents/albums/sources/176000/176363/172135.jpg"},
  {"url":"https://photos.xgroovy.com/contents/albums/sources/412000/412515/410937.jpg"},
  {"url":"https://photos.xgroovy.com/contents/albums/sources/224000/224335/220238.jpg"},
  {"url":"https://photos.xgroovy.com/contents/albums/sources/181000/181990/177762.jpg"},
  {"url":"https://photos.xgroovy.com/contents/albums/sources/55000/55175/55169.jpg"},
  {"url":"https://photos.xgroovy.com/contents/albums/sources/136000/136529/132290.jpg"},
  {"url":"https://photos.xgroovy.com/contents/albums/sources/306000/306555/303252.jpg"}
]
