[
  {"url":"https://b.top4top.io/m_2304lphe20.mp4"}, 
  {"url":"https://c.top4top.io/m_23042ph2l1.mp4"}, 
  {"url":"https://d.top4top.io/m_2304vq6mq2.mp4"}, 
  {"url":"https://d.top4top.io/m_2304sy1zj0.mp4"}, 
  {"url":"https://e.top4top.io/m_23044yppb1.mp4"}, 
  {"url":"https://g.top4top.io/m_2304zj5fg1.mp4"}, 
  {"url":"https://l.top4top.io/m_2305zkl390.mp4"}, 
  {"url":"https://k.top4top.io/m_2305ri3n10.mp4"}, 
  {"url":"https://b.top4top.io/m_2317zt6cp0.mp4"}, 
  {"url":"https://c.top4top.io/m_2317q084e1.mp4"}, 
  {"url":"https://d.top4top.io/m_23172f5u70.mp4"}, 
  {"url":"https://e.top4top.io/m_2317sttr11.mp4"}, 
  {"url":"https://f.top4top.io/m_2317lg64s2.mp4"}, 
  {"url":"https://e.top4top.io/m_2320m1br70.mp4"}, 
  {"url":"https://i.top4top.io/m_2324k8dc00.mp4"}, 
  {"url":"https://i.top4top.io/m_23288qpjt0.mp4"}, 
  {"url":"https://j.top4top.io/m_2328a2crt1.mp4"}, 
  {"url":"https://k.top4top.io/m_232848igc2.mp4"}, 
  {"url":"https://l.top4top.io/m_2328dfgfv3.mp4"}, 
  {"url":"https://h.top4top.io/m_2328lkopf0.mp4"}, 
  {"url":"https://e.top4top.io/m_2328umumv0.mp4"}, 
  {"url":"https://f.top4top.io/m_2328mhn7e1.mp4"}, 
  {"url":"https://g.top4top.io/m_2328wg77e2.mp4"}, 
  {"url":"https://h.top4top.io/m_23284e6213.mp4"}, 
  {"url":"https://i.top4top.io/m_2328mj1aa4.mp4"}, 
  {"url":"https://j.top4top.io/m_2328isv795.mp4"}, 
  {"url":"https://k.top4top.io/m_2328vezug6.mp4"}, 
  {"url":"https://g.top4top.io/m_2328ez5cr0.mp4"}, 
  {"url":"https://h.top4top.io/m_2328yv44v1.mp4"}, 
  {"url":"https://i.top4top.io/m_2328egkf92.mp4"}, 
  {"url":"https://j.top4top.io/m_2328h0aq63.mp4"}, 
  {"url":"https://l.top4top.io/m_2328qhggt4.mp4"}, 
  {"url":"https://a.top4top.io/m_23281rso05.mp4"}, 
  {"url":"https://b.top4top.io/m_23303hn760.mp4"}, 
  {"url":"https://d.top4top.io/m_2330b0cc82.mp4"}, 
  {"url":"https://e.top4top.io/m_2330vbw1y3.mp4"}, 
  {"url":"https://f.top4top.io/m_2330wni4s4.mp4"}, 
  {"url":"https://g.top4top.io/m_23308mq695.mp4"}, 
  {"url":"https://e.top4top.io/m_2335gv6li0.mp4"}, 
  {"url":"https://f.top4top.io/m_2335q2gn61.mp4"}, 
  {"url":"https://g.top4top.io/m_23359fitk2.mp4"}, 
  {"url":"https://h.top4top.io/m_2335dode23.mp4"}, 
  {"url":"https://i.top4top.io/m_2335zq9ik4.mp4"}, 
  {"url":"https://j.top4top.io/m_2335yu5d65.mp4"}, 
  {"url":"https://k.top4top.io/m_2335cpn9f6.mp4"}, 
  {"url":"https://l.top4top.io/m_2335pw3x17.mp4"}, 
  {"url":"https://a.top4top.io/m_23357fudt8.mp4"}, 
  {"url":"https://b.top4top.io/m_2335siqv99.mp4"}, 
  {"url":"https://j.top4top.io/m_2352tk46d0.mp4"}, 
  {"url":"https://i.top4top.io/m_2424y7rgo0.mp4"},
  {"url":"https://j.top4top.io/m_2424pkygh1.mp4"},
  {"url":"https://k.top4top.io/m_2424pkvsa2.mp4"},
  {"url":"https://l.top4top.io/m_2424lz1s23.mp4"},
  {"url":"https://a.top4top.io/m_2424x4iq44.mp4"},
  {"url":"https://b.top4top.io/m_24240131m5.mp4"},
  {"url":"https://c.top4top.io/m_2424gf66f0.mp4"},
  {"url":"https://d.top4top.io/m_2424q0ia21.mp4"},
  {"url":"https://e.top4top.io/m_2424mzy4o2.mp4"},
  {"url":"https://f.top4top.io/m_2424jkf393.mp4"},
  {"url":"https://g.top4top.io/m_2424hhk264.mp4"},
  {"url":"https://i.top4top.io/m_2424sp2x75.mp4"},
  {"url":"https://j.top4top.io/m_2424od44t6.mp4"},
  {"url":"https://e.top4top.io/m_2424rbuqb0.mp4"},
  {"url":"https://f.top4top.io/m_2424pr4hv1.mp4"},
  {"url":"https://g.top4top.io/m_2424fqquv2.mp4"},
  {"url":"https://h.top4top.io/m_2424t2e5u3.mp4"},
  {"url":"https://i.top4top.io/m_2424voked4.mp4"},
  {"url":"https://j.top4top.io/m_2424nw4lv5.mp4"},
  {"url":"https://k.top4top.io/m_2424utul36.mp4"},
  {"url":"https://l.top4top.io/m_2424d467n7.mp4"},
  {"url":"https://a.top4top.io/m_2424tdkxt8.mp4"}, 
  {"url":"https://k.top4top.io/m_2425zcawy0.mp4"},
  {"url":"https://l.top4top.io/m_24252c5ri1.mp4"},
  {"url":"https://b.top4top.io/m_242587dov2.mp4"},
  {"url":"https://c.top4top.io/m_2425k4f3v3.mp4"},
  {"url":"https://d.top4top.io/m_242518fh84.mp4"},
  {"url":"https://f.top4top.io/m_2425v3j4s5.mp4"},
  {"url":"https://g.top4top.io/m_2425yl55d6.mp4"},
  {"url":"https://h.top4top.io/m_24256k1b67.mp4"},
  {"url":"https://i.top4top.io/m_2425aga3d8.mp4"},
  {"url":"https://i.top4top.io/m_2435gyazp0.mp4"}, 
  {"url":"https://j.top4top.io/m_243540hp61.mp4"}, 
  {"url":"https://l.top4top.io/m_2435jo1y42.mp4"}, 
  {"url":"https://a.top4top.io/m_2435hnjhe3.mp4"}, 
  {"url":"https://b.top4top.io/m_24357rf2r4.mp4"}, 
  {"url":"https://c.top4top.io/m_2435ujxfu5.mp4"}, 
  {"url":"https://l.top4top.io/m_2435phx9j0.mp4"}, 
  {"url":"https://a.top4top.io/m_2435jo5ap1.mp4"}, 
  {"url":"https://b.top4top.io/m_2435dny4t2.mp4"}, 
  {"url":"https://c.top4top.io/m_2435m9xst3.mp4"}, 
  {"url":"https://d.top4top.io/m_2435rgnxl4.mp4"}, 
  {"url":"https://e.top4top.io/m_2435x3ikh5.mp4"}, 
  {"url":"https://f.top4top.io/m_24357tkmi6.mp4"}, 
  {"url":"https://h.top4top.io/m_243774mnw1.mp4"},
  {"url":"https://g.top4top.io/m_2437wvj9c1.mp4"},
  {"url":"https://j.top4top.io/m_2437wsnki1.mp4"},
  {"url":"https://k.top4top.io/m_243767zi11.mp4"},
  {"url":"https://l.top4top.io/m_2437h61wq1.mp4"},
  {"url":"https://b.top4top.io/m_2437vosvi1.mp4"},
  {"url":"https://a.top4top.io/m_2437nxim91.mp4"},
  {"url":"https://k.top4top.io/m_2437ndai31.mp4"},
  {"url":"https://a.top4top.io/m_2437xuw5w1.mp4"},
  {"url":"https://l.top4top.io/m_2437hwgra1.mp4"},
  {"url":"https://d.top4top.io/m_2437spioa1.mp4"},
  {"url":"https://c.top4top.io/m_2437lljua1.mp4"},
  {"url":"https://e.top4top.io/m_2437upfpg1.mp4"},
  {"url":"https://b.top4top.io/m_24370hlc21.mp4"},
  {"url":"https://f.top4top.io/m_2437ejw471.mp4"},
  {"url":"https://h.top4top.io/m_243755qvd1.mp4"},
  {"url":"https://g.top4top.io/m_24374tg3y1.mp4"},
  {"url":"https://i.top4top.io/m_2437opgeq1.mp4"},
  {"url":"https://j.top4top.io/m_2437v4jry1.mp4"}, 
  {"url":"https://c.top4top.io/m_2450rco1g1.mp4"}, 
  {"url":"https://d.top4top.io/m_2450ggpx51.mp4"}, 
  {"url":"https://e.top4top.io/m_2450jafyw1.mp4"}, 
  {"url":"https://f.top4top.io/m_24503tert1.mp4"}, 
  {"url":"https://g.top4top.io/m_2450ntugw1.mp4"}, 
  {"url":"https://h.top4top.io/m_2450kilco1.mp4"}, 
  {"url":"https://j.top4top.io/m_2450w7ks51.mp4"}, 
  {"url":"https://i.top4top.io/m_2450sx0tf1.mp4"}, 
  {"url":"https://l.top4top.io/m_245044mxq1.mp4"}, 
  {"url":"https://k.top4top.io/m_24502l4qm1.mp4"}, 
  {"url":"https://b.top4top.io/m_2450k7zft1.mp4"}, 
  {"url":"https://a.top4top.io/m_24507ir8n1.mp4"}, 
  {"url":"https://h.top4top.io/m_2459wdbt41.mp4"}, 
  {"url":"https://i.top4top.io/m_2459kxymg1.mp4"}, 
  {"url":"https://j.top4top.io/m_2459cerpz1.mp4"}, 
  {"url":"https://k.top4top.io/m_2459rd8et1.mp4"}, 
  {"url":"https://l.top4top.io/m_2459211cl1.mp4"}, 
  {"url":"https://a.top4top.io/m_2459tf5zk1.mp4"}, 
  {"url":"https://b.top4top.io/m_24591fw0h1.mp4"}, 
  {"url":"https://c.top4top.io/m_2459fs2231.mp4"}, 
  {"url":"https://d.top4top.io/m_2459jras71.mp4"}, 
  {"url":"https://e.top4top.io/m_2459vwvva1.mp4"}, 
  {"url":"https://f.top4top.io/m_2459eo8741.mp4"}, 
  {"url":"https://h.top4top.io/m_2459lozf71.mp4"}, 
  {"url":"https://g.top4top.io/m_24597nvfn1.mp4"}, 
  {"url":"https://i.top4top.io/m_2459vs4411.mp4"}, 
  {"url":"https://j.top4top.io/m_2459wfsgh1.mp4"}, 
  {"url":"https://b.top4top.io/m_2469ovcfa1.mp4"}, 
  {"url":"https://c.top4top.io/m_2469ej5rb1.mp4"}, 
  {"url":"https://a.top4top.io/m_2469io6pw1.mp4"}, 
  {"url":"https://l.top4top.io/m_2469hd66c1.mp4"}, 
  {"url":"https://j.top4top.io/m_2469lxnj51.mp4"}, 
  {"url":"https://i.top4top.io/m_2469fl2hw1.mp4"}, 
  {"url":"https://g.top4top.io/m_2469flxs21.mp4"}, 
  {"url":"https://f.top4top.io/m_2469nhc9h1.mp4"}, 
  {"url":"https://d.top4top.io/m_2469gb5po1.mp4"}, 
  {"url":"https://e.top4top.io/m_2469wp7sh1.mp4"}, 
  {"url":"https://c.top4top.io/m_2469clc1c1.mp4"}, 
  {"url":"https://b.top4top.io/m_2469tafuu1.mp4"}, 
  {"url":"https://a.top4top.io/m_2469gen491.mp4"}, 
  {"url":"https://l.top4top.io/m_2469ksk6u1.mp4"}, 
  {"url":"https://k.top4top.io/m_24691kljl1.mp4"}, 
  {"url":"https://j.top4top.io/m_2469ogtyf1.mp4"}, 
  {"url":"https://i.top4top.io/m_2469xrb711.mp4"}, 
  {"url":"https://a.top4top.io/m_2479wqp4q1.mp4"}, 
  {"url":"https://l.top4top.io/m_24799nxma1.mp4"}, 
  {"url":"https://k.top4top.io/m_2479q76ph1.mp4"}, 
  {"url":"https://j.top4top.io/m_2479x5ekg1.mp4"}, 
  {"url":"https://i.top4top.io/m_2479igrv31.mp4"}, 
  {"url":"https://h.top4top.io/m_2479h2jm61.mp4"}, 
  {"url":"https://g.top4top.io/m_2479mvxoi1.mp4"}, 
  {"url":"https://e.top4top.io/m_2479bcuyx1.mp4"}, 
  {"url":"https://f.top4top.io/m_2479sgdvv1.mp4"}, 
  {"url":"https://d.top4top.io/m_2479wf20z1.mp4"}, 
  {"url":"https://i.top4top.io/m_24840gsto1.mp4"}, 
  {"url":"https://j.top4top.io/m_2484vtp9a1.mp4"}, 
  {"url":"https://k.top4top.io/m_2484sssqx1.mp4"}, 
  {"url":"https://l.top4top.io/m_2484z8p6v1.mp4"}, 
  {"url":"https://a.top4top.io/m_2484ljjna1.mp4"}, 
  {"url":"https://b.top4top.io/m_2484ju4mb1.mp4"}, 
  {"url":"https://c.top4top.io/m_248430fm31.mp4"}, 
  {"url":"https://d.top4top.io/m_2484tcztt1.mp4"}, 
  {"url":"https://e.top4top.io/m_24849k2k41.mp4"}, 
  {"url":"https://f.top4top.io/m_2484o6yde1.mp4"}, 
  {"url":"https://g.top4top.io/m_24842mkzu1.mp4"}, 
  {"url":"https://i.top4top.io/m_248489j891.mp4"}, 
  {"url":"https://h.top4top.io/m_24842lpzk1.mp4"}, 
  {"url":"https://j.top4top.io/m_2484mu20q1.mp4"}, 
  {"url":"https://k.top4top.io/m_2484j4n1z1.mp4"}, 
  {"url":"https://l.top4top.io/m_2484tsocn1.mp4"}, 
  {"url":"https://a.top4top.io/m_2484t4zrq1.mp4"}, 
  {"url":"https://b.top4top.io/m_2484c02k21.mp4"}, 
  {"url":"https://c.top4top.io/m_2484mlas61.mp4"}, 
  {"url":"https://d.top4top.io/m_2484kwwlp1.mp4"}, 
  {"url":"https://e.top4top.io/m_2484m2be91.mp4"}, 
  {"url":"https://c.top4top.io/m_25253fm6u1.mp4"}, 
  {"url":"https://d.top4top.io/m_2525pkmsj1.mp4"}, 
  {"url":"https://e.top4top.io/m_2525r68jx1.mp4"}, 
  {"url":"https://g.top4top.io/m_2525tr15u1.mp4"}, 
  {"url":"https://h.top4top.io/m_2525nvz2c1.mp4"}, 
  {"url":"https://i.top4top.io/m_2525y8uw41.mp4"}, 
  {"url":"https://j.top4top.io/m_2525opi0a1.mp4"}, 
  {"url":"https://k.top4top.io/m_2525ji8br1.mp4"}, 
  {"url":"https://l.top4top.io/m_2525z3ktt1.mp4"}, 
  {"url":"https://a.top4top.io/m_2532rv7y81.mp4"},
  {"url":"https://e.top4top.io/m_2532r272v1.mp4"},
  {"url":"https://f.top4top.io/m_2532faa4d1.mp4"},
  {"url":"https://g.top4top.io/m_2532plans1.mp4"},
  {"url":"https://h.top4top.io/m_2532rlglh1.mp4"},
  {"url":"https://i.top4top.io/m_2532jrbv31.mp4"},
  {"url":"https://j.top4top.io/m_2532phela1.mp4"},
  {"url":"https://k.top4top.io/m_2532byn9o1.mp4"},
  {"url":"https://l.top4top.io/m_2532qoe131.mp4"},
  {"url":"https://a.top4top.io/m_25328uezv1.mp4"},
  {"url":"https://b.top4top.io/m_2532jmnqg1.mp4"},
  {"url":"https://c.top4top.io/m_2532f7m281.mp4"},
  {"url":"https://e.top4top.io/m_2532dkjpu1.mp4"}, 
  {"url":"https://a.top4top.io/m_2536k8rj31.mp4"}, 
  {"url":"https://b.top4top.io/m_2536c1t4d1.mp4"}, 
  {"url":"https://d.top4top.io/m_253668kf51.mp4"}, 
  {"url":"https://c.top4top.io/m_253617m221.mp4"}, 
  {"url":"https://e.top4top.io/m_2536p2axw1.mp4"}, 
  {"url":"https://f.top4top.io/m_25362h0jk1.mp4"}, 
  {"url":"https://g.top4top.io/m_2536e3ahh1.mp4"}, 
  {"url":"https://h.top4top.io/m_25363k0ov1.mp4"}, 
  {"url":"https://i.top4top.io/m_2536sg2vd1.mp4"}, 
  {"url":"https://j.top4top.io/m_2536unxjd1.mp4"}, 
  {"url":"https://k.top4top.io/m_2536s9ujv1.mp4"}, 
  {"url":"https://l.top4top.io/m_25368hyfc1.mp4"}, 
  {"url":"https://a.top4top.io/m_2536q60j91.mp4"}, 
  {"url":"https://b.top4top.io/m_25365zavw1.mp4"}, 
  {"url":"https://d.top4top.io/m_2536gkpdd1.mp4"}, 
  {"url":"https://e.top4top.io/m_2536jyr5f1.mp4"}, 
  {"url":"https://f.top4top.io/m_25369fk2q1.mp4"}, 
  {"url":"https://g.top4top.io/m_253600taj1.mp4"}, 
  {"url":"https://h.top4top.io/m_25364qaer1.mp4"}, 
  {"url":"https://i.top4top.io/m_2536fr6ed1.mp4"}, 
  {"url":"https://j.top4top.io/m_2536wy6jf1.mp4"}, 
  {"url":"https://k.top4top.io/m_2536x45h21.mp4"}, 
  {"url":"https://l.top4top.io/m_2536n7oi01.mp4"}, 
  {"url":"https://b.top4top.io/m_25368wn2l1.mp4"}, 
  {"url":"https://a.top4top.io/m_2536h74zu1.mp4"}, 
  {"url":"https://c.top4top.io/m_2536h6oa71.mp4"}, 
  {"url":"https://d.top4top.io/m_2536duzav1.mp4"}, 
  {"url":"https://e.top4top.io/m_2536tuue71.mp4"}, 
  {"url":"https://f.top4top.io/m_2536yu6ir1.mp4"}, 
  {"url":"https://g.top4top.io/m_2536fozpx1.mp4"}, 
  {"url":"https://h.top4top.io/m_2536y6x7q1.mp4"}, 
  {"url":"https://i.top4top.io/m_2536dp1901.mp4"}, 
  {"url":"https://j.top4top.io/m_2536rd9qe1.mp4"}, 
  {"url":"https://k.top4top.io/m_25360xcbk1.mp4"}, 
  {"url":"https://a.top4top.io/m_2536vw2al1.mp4"}, 
  {"url":"https://b.top4top.io/m_2536rn8zk1.mp4"},
  {"url":"https://j.top4top.io/m_256913e911.mp4"},
  {"url":"https://k.top4top.io/m_2569hq4vp1.mp4"},
  {"url":"https://l.top4top.io/m_2569s1dxu1.mp4"},
  {"url":"https://a.top4top.io/m_2569hzhx11.mp4"},
  {"url":"https://b.top4top.io/m_2569x084k1.mp4"},
  {"url":"https://c.top4top.io/m_25691z1621.mp4"},
  {"url":"https://d.top4top.io/m_2569dzmzn1.mp4"},
  {"url":"https://e.top4top.io/m_2569j3sms1.mp4"},
  {"url":"https://f.top4top.io/m_2569ldy6l1.mp4"},
  {"url":"https://h.top4top.io/m_2569t8a8r1.mp4"},
  {"url":"https://i.top4top.io/m_2569ejn411.mp4"},
  {"url":"https://c.top4top.io/m_2577x9cql1.mp4"},
  {"url":"https://d.top4top.io/m_2577d5ame1.mp4"},
  {"url":"https://e.top4top.io/m_25775pq0y1.mp4"},
  {"url":"https://f.top4top.io/m_2577x8jz71.mp4"},
  {"url":"https://g.top4top.io/m_2577t7hz41.mp4"},
  {"url":"https://h.top4top.io/m_25778ms9b1.mp4"},
  {"url":"https://i.top4top.io/m_2577tzi651.mp4"},
  {"url":"https://j.top4top.io/m_2577o2tdw1.mp4"},
  {"url":"https://k.top4top.io/m_2577t1v8k1.mp4"},
  {"url":"https://l.top4top.io/m_25774sirp1.mp4"},
  {"url":"https://a.top4top.io/m_2577ed9am1.mp4"},
  {"url":"https://b.top4top.io/m_2577e2stx1.mp4"},
  {"url":"https://c.top4top.io/m_2577sh6hg1.mp4"},
  {"url":"https://e.top4top.io/m_2577xdfo61.mp4"},
  {"url":"https://f.top4top.io/m_2577688i31.mp4"},
  {"url":"https://d.top4top.io/m_2577m9mvs1.mp4"},
  {"url":"https://g.top4top.io/m_2577b4ujg1.mp4"},
  {"url":"https://h.top4top.io/m_2577uubf81.mp4"},
  {"url":"https://i.top4top.io/m_2577ld78o1.mp4"},
  {"url":"https://j.top4top.io/m_2577ri7ji1.mp4"},
  {"url":"https://k.top4top.io/m_2577o3i0x1.mp4"},
  {"url":"https://l.top4top.io/m_2577eir9k1.mp4"},
  {"url":"https://a.top4top.io/m_257741bcn1.mp4"},
  {"url":"https://b.top4top.io/m_2577thrno1.mp4"},
  {"url":"https://c.top4top.io/m_2577rgtj81.mp4"},
  {"url":"https://d.top4top.io/m_2577zste11.mp4"},
  {"url":"https://e.top4top.io/m_25777pyli1.mp4"},
  {"url":"https://g.top4top.io/m_2577m972r1.mp4"},
  {"url":"https://h.top4top.io/m_2577tz1tc1.mp4"},
  {"url":"https://i.top4top.io/m_2577n1ydt1.mp4"},
  {"url":"https://j.top4top.io/m_25777p0kc1.mp4"},
  {"url":"https://k.top4top.io/m_25772omyp1.mp4"},
  {"url":"https://l.top4top.io/m_2577sl2fo1.mp4"},
  {"url":"https://i.top4top.io/m_26008uuhh1.mp4"},
  {"url":"https://k.top4top.io/m_2600zxm6g1.mp4"},
  {"url":"https://j.top4top.io/m_260011btj1.mp4"},
  {"url":"https://l.top4top.io/m_2600op5y81.mp4"},
  {"url":"https://a.top4top.io/m_26004u90o1.mp4"},
  {"url":"https://b.top4top.io/m_2600o3e2o1.mp4"},
  {"url":"https://c.top4top.io/m_2600kotk31.mp4"},
  {"url":"https://d.top4top.io/m_26006bb601.mp4"},
  {"url":"https://e.top4top.io/m_2600h6fru1.mp4"},
  {"url":"https://g.top4top.io/m_2600p5bcx1.mp4"},
  {"url":"https://f.top4top.io/m_26003hy4x1.mp4"},
  {"url":"https://h.top4top.io/m_26002oxj81.mp4"},
  {"url":"https://i.top4top.io/m_26004l7a21.mp4"},
  {"url":"https://j.top4top.io/m_2600ejckl1.mp4"},
  {"url":"https://k.top4top.io/m_2600ond871.mp4"},
  {"url":"https://l.top4top.io/m_2600e34ca1.mp4"},
  {"url":"https://b.top4top.io/m_26004376e1.mp4"},
  {"url":"https://a.top4top.io/m_2600k6znt1.mp4"},
  {"url":"https://c.top4top.io/m_2600qbjyr1.mp4"},
  {"url":"https://k.top4top.io/m_266856zvo1.mp4"},
  {"url":"https://l.top4top.io/m_2668yflzf1.mp4"},
  {"url":"https://a.top4top.io/m_2668ofjws1.mp4"},
  {"url":"https://b.top4top.io/m_2668xz5o11.mp4"},
  {"url":"https://c.top4top.io/m_266857ri01.mp4"},
  {"url":"https://d.top4top.io/m_2668x1c361.mp4"},
  {"url":"https://e.top4top.io/m_2668oau1m1.mp4"},
  {"url":"https://e.top4top.io/m_2668oau1m1.mp4"},
  {"url":"https://f.top4top.io/m_2668tj2hg1.mp4"},
  {"url":"https://g.top4top.io/m_2668md6kp1.mp4"},
  {"url":"https://h.top4top.io/m_26682tufq1.mp4"},
  {"url":"https://i.top4top.io/m_2668qhw181.mp4"},
  {"url":"https://j.top4top.io/m_2668hnrei1.mp4"},
  {"url":"https://k.top4top.io/m_2668jw66p1.mp4"},
  {"url":"https://a.top4top.io/m_2668dp9tn1.mp4"},
  {"url":"https://l.top4top.io/m_2668oqdbf1.mp4"},
  {"url":"https://b.top4top.io/m_26682f2rp1.mp4"},
  {"url":"https://c.top4top.io/m_2668py2xe1.mp4"}
] 
