[
  {"url":"https://i.postimg.cc/qqyqRQ0p/0cea37df-b19e-42a6-a4a1-687ceb5c7c01.jpg"},
  {"url":"https://i.postimg.cc/26qVprKb/3e8edf93-4b6e-4167-838a-b1f799f19d21.jpg"},
  {"url":"https://i.postimg.cc/cJCJYdZ9/5d8a8e3f-2de6-4c1d-a515-c7cae7866c78.jpg"},
  {"url":"https://i.postimg.cc/139XmpdZ/9d419720-e1e4-4ae1-8da6-d5e897cb873a.jpg"},
  {"url":"https://i.postimg.cc/4N14SYx2/c083ae18-b037-46f0-bc63-b66e7e8c6cb5.jpg"},
  {"url":"https://i.postimg.cc/52n06XcQ/f9b55ed4-6fb1-4955-ba3c-f47d6f366a74.jpg"},
  {"url":"https://i.postimg.cc/MpP6zgRy/gf.jpg"}, 
  {"url":"https://i.postimg.cc/HxTCcHgV/11335073-003-deb7.jpg"},
  {"url":"https://i.postimg.cc/tTDGFfqD/11335073-004-e632.jpg"},
  {"url":"https://i.postimg.cc/Kv1hgJdr/36479645-075-bade.jpg"},
  {"url":"https://i.postimg.cc/pVGtTg1L/36479645-136-33da.jpg"},
  {"url":"https://i.postimg.cc/C5dXkx6L/62871811-031-787b.jpg"},
  {"url":"https://i.postimg.cc/d0vfnBSf/65904509-003-a3aa.jpg"},
  {"url":"https://i.postimg.cc/QCPPbZRg/65904509-010-6826.jpg"},
  {"url":"https://i.postimg.cc/sDkqGyPs/65904509-014-ef12.jpg"},
  {"url":"https://i.postimg.cc/x1VpT5Yd/69936429-007-ee26.jpg"},
  {"url":"https://i.postimg.cc/G3NS6r5G/69936429-008-34be.jpg"},
  {"url":"https://i.postimg.cc/fbwHYbVn/69936429-016-5f0d.jpg"},
  {"url":"https://i.postimg.cc/PJ8KdpRZ/93564622-089-3260.jpg"},
  {"url":"https://i.postimg.cc/HjDznYqN/93564622-123-7a26.jpg"},
  {"url":"https://cdni.viewgals.com/1280/1/353/59954737/59954737_001_c060.jpg"},
  {"url":"https://cdni.viewgals.com/1280/1/353/59954737/59954737_015_f0b6.jpg"},
  {"url":"https://cdni.viewgals.com/1280/1/99/45015020/45015020_010_eb0d.jpg"},
  {"url":"https://cdni.viewgals.com/1280/1/361/33995152/33995152_001_bd25.jpg"},
  {"url":"https://cdni.viewgals.com/1280/1/361/33995152/33995152_005_49c0.jpg"},
  {"url":"https://cdni.viewgals.com/1280/1/342/76105928/76105928_006_cb26.jpg"},
  {"url":"https://cdni.viewgals.com/1280/1/342/76105928/76105928_007_cb26.jpg"},
  {"url":"https://cdni.viewgals.com/1280/1/342/76105928/76105928_009_0dcc.jpg"},
  {"url":"https://cdni.viewgals.com/1280/1/358/45271056/45271056_005_3e3e.jpg"},
  {"url":"https://cdni.viewgals.com/1280/1/358/45271056/45271056_007_8f10.jpg"},
  {"url":"https://cdni.viewgals.com/1280/1/347/98996861/98996861_011_bf39.jpg"},
  {"url":"https://cdni.viewgals.com/1280/1/329/31158139/31158139_005_33d4.jpg"},
  {"url":"https://cdni.viewgals.com/1280/1/329/31158139/31158139_011_d1be.jpg"},
  {"url":"https://cdni.viewgals.com/1280/1/311/94746677/94746677_008_f812.jpg"},
  {"url":"https://cdni.viewgals.com/1280/1/355/55953233/55953233_014_54f4.jpg"},
  {"url":"https://cdni.viewgals.com/1280/1/357/42593360/42593360_007_2f6c.jpg"},
  {"url":"https://cdni.viewgals.com/1280/1/350/55744909/55744909_015_c18c.jpg"},
  {"url":"https://cdni.viewgals.com/1280/1/169/15596303/15596303_002_5d59.jpg"},
  {"url":"https://cdni.viewgals.com/1280/1/169/15596303/15596303_005_a9ae.jpg"},
  {"url":"https://cdni.viewgals.com/1280/1/320/83425177/83425177_008_10fe.jpg"},
  {"url":"https://cdni.viewgals.com/1280/1/320/83425177/83425177_013_c835.jpg"},
  {"url":"https://cdni.viewgals.com/1280/1/359/46851856/46851856_004_f082.jpg"},
  {"url":"https://cdni.viewgals.com/1280/1/359/46851856/46851856_010_4f16.jpg"},
  {"url":"https://cdni.viewgals.com/1280/1/359/46851856/46851856_016_1df0.jpg"},
  {"url":"https://cdni.viewgals.com/1280/1/240/20133710/20133710_002_3ffd.jpg"},
  {"url":"https://cdni.viewgals.com/1280/1/250/59439521/59439521_007_07da.jpg"},
  {"url":"https://cdni.viewgals.com/1280/1/250/20727206/20727206_004_1bc3.jpg"},
  {"url":"https://cdni.viewgals.com/1280/1/250/20727206/20727206_005_d496.jpg"},
  {"url":"https://cdni.viewgals.com/1280/1/250/20727206/20727206_007_0c51.jpg"},
  {"url":"https://cdni.viewgals.com/1280/1/250/20727206/20727206_011_2518.jpg"},
  {"url":"https://cdni.viewgals.com/1280/1/297/28729794/28729794_006_2052.jpg"},
  {"url":"https://cdni.viewgals.com/1280/1/348/17935953/17935953_007_509c.jpg"},
  {"url":"https://cdni.viewgals.com/1280/1/348/17935953/17935953_005_a361.jpg"},
  {"url":"https://cdni.viewgals.com/1280/1/348/17935953/17935953_012_4a07.jpg"},
  {"url":"https://cdni.viewgals.com/1280/1/352/83120178/83120178_002_1980.jpg"},
  {"url":"https://cdni.viewgals.com/1280/1/352/83120178/83120178_010_156a.jpg"},
  {"url":"https://cdni.viewgals.com/1280/1/352/83120178/83120178_016_4ae0.jpg"},
  {"url":"https://cdni.viewgals.com/1280/1/345/24532406/24532406_002_1ede.jpg"},
  {"url":"https://cdni.viewgals.com/1280/1/345/24532406/24532406_007_71d0.jpg"},
  {"url":"https://cdni.viewgals.com/1280/1/347/56595553/56595553_010_b8d2.jpg"},
  {"url":"https://cdni.viewgals.com/1280/1/347/56595553/56595553_013_edff.jpg"},
  {"url":"https://cdni.viewgals.com/1280/1/352/20624730/20624730_003_5bce.jpg"},
  {"url":"https://cdni.viewgals.com/1280/1/352/20624730/20624730_011_56d6.jpg"},
  {"url":"https://cdni.viewgals.com/1280/1/354/26150139/26150139_013_b489.jpg"},
  {"url":"https://cdni.viewgals.com/1280/1/360/46660765/46660765_006_112b.jpg"},
  {"url":"https://cdni.viewgals.com/1280/1/360/46660765/46660765_004_88c7.jpg"},
  {"url":"https://cdni.viewgals.com/1280/1/360/46660765/46660765_011_9b15.jpg"},
  {"url":"https://cdni.viewgals.com/1280/1/360/46660765/46660765_009_39bb.jpg"},
  {"url":"https://cdni.viewgals.com/1280/1/360/46660765/46660765_008_6032.jpg"},
  {"url":"https://cdni.viewgals.com/1280/1/91/50781597/50781597_008_39f4.jpg"},
  {"url":"https://cdni.viewgals.com/1280/1/91/50781597/50781597_005_3d3f.jpg"},
  {"url":"https://images-ext-2.discordapp.net/external/qgUUaqyGe4FOBTelovliI44n_b76vBrBibYplXSzd2w/https/cdn.boob.bot/boobs/4C68.JPG"},
  {"url":"https://photos.xgroovy.com/contents/albums/sources/335000/335288/332334.jpg"},
  {"url":"https://photos.xgroovy.com/contents/albums/sources/310000/310114/306850.jpg"},
  {"url":"https://photos.xgroovy.com/contents/albums/sources/208000/208189/204026.jpg"},
  {"url":"https://photos.xgroovy.com/contents/albums/sources/189000/189138/184911.jpg"},
  {"url":"https://photos.xgroovy.com/contents/albums/sources/311000/311656/308404.jpg"},
  {"url":"https://photos.xgroovy.com/contents/albums/sources/48000/48224/48217.jpg"},
  {"url":"https://photos.xgroovy.com/contents/albums/sources/249000/249381/245451.jpg"},
  {"url":"https://photos.xgroovy.com/contents/albums/sources/176000/176314/172084.jpg"},
  {"url":"https://photos.xgroovy.com/contents/albums/sources/35000/35036/35045.jpg"},
  {"url":"https://photos.xgroovy.com/contents/albums/sources/364000/364146/361702.jpg"},
  {"url":"https://photos.xgroovy.com/contents/albums/sources/390000/390880/388875.jpg"},
  {"url":"https://photos.xgroovy.com/contents/albums/sources/306000/306047/302744.jpg"},
  {"url":"https://photos.xgroovy.com/contents/albums/sources/46000/46160/46154.jpg"},
  {"url":"https://photos.xgroovy.com/contents/albums/sources/153000/153115/148887.jpg"},
  {"url":"https://photos.xgroovy.com/contents/albums/sources/177000/177864/173647.jpg"},
  {"url":"https://photos.xgroovy.com/contents/albums/sources/150000/150404/146175.jpg"},
  {"url":"https://photos.xgroovy.com/contents/albums/sources/23000/23701/23692.jpg"},
  {"url":"https://photos.xgroovy.com/contents/albums/sources/23000/23491/23485.jpg"}
]