[
  {"url":"https://i.postimg.cc/7h91n8fB/imaaage.jpg"},
  {"url":"https://i.postimg.cc/nLrWs2wb/image.jpg"},
  {"url":"https://i.postimg.cc/BvRmj0KH/images.jpg"},
  {"url":"https://i.postimg.cc/xT9tJgcx/imassge.jpg"}, 
  {"url":"https://i.postimg.cc/V688Tkqk/10061071-095-1130.jpg"},
  {"url":"https://i.postimg.cc/8PKT5DSZ/19322672-052-6e6b.jpg"},
  {"url":"https://i.postimg.cc/g2xmL5cm/19322672-055-dda7.jpg"},
  {"url":"https://i.postimg.cc/4NNJsyrK/19322672-083-525f.jpg"},
  {"url":"https://i.postimg.cc/DwRFrgms/19322672-092-48d5.jpg"},
  {"url":"https://i.postimg.cc/k58CfbtH/19322672-110-ea3c.jpg"},
  {"url":"https://i.postimg.cc/bYRz7kFc/23684714-014-b128.jpg"},
  {"url":"https://i.postimg.cc/PJKT1n8r/25469917-014-5f77.jpg"},
  {"url":"https://i.postimg.cc/50SVMWgq/26866901-004-cc80.jpg"},
  {"url":"https://i.postimg.cc/QCNr8YnL/26866901-007-eb45.jpg"},
  {"url":"https://i.postimg.cc/4y8RmvrY/26866901-009-d172.jpg"},
  {"url":"https://i.postimg.cc/y6nHQBk7/26866901-018-6816.jpg"},
  {"url":"https://i.postimg.cc/ncztN5DB/34887836-008-d84c.jpg"},
  {"url":"https://i.postimg.cc/65mNK0rS/34887836-038-1f7c.jpg"},
  {"url":"https://i.postimg.cc/0NgRMyH0/34887836-062-0a75.jpg"},
  {"url":"https://i.postimg.cc/52QW2Cpt/34887836-080-ca1b.jpg"},
  {"url":"https://i.postimg.cc/YS1c1B5K/34887836-105-7917.jpg"},
  {"url":"https://i.postimg.cc/C1Y3760Z/37489086-049-e9a2.jpg"},
  {"url":"https://i.postimg.cc/0jyLRMbP/39847102-118-3115.jpg"},
  {"url":"https://i.postimg.cc/3NfzK8vp/44436501-012-9ea8.jpg"},
  {"url":"https://i.postimg.cc/44WDv5Sd/45077195-013-4e7d.jpg"},
  {"url":"https://i.postimg.cc/hPhH2dk0/50831508-038-f24c.jpg"},
  {"url":"https://i.postimg.cc/9FSsKfVH/50831508-062-0f1e.jpg"},
  {"url":"https://i.postimg.cc/pLF3HtXh/50831508-084-0d73.jpg"},
  {"url":"https://i.postimg.cc/cJG215rD/50831508-112-00d4.jpg"},
  {"url":"https://i.postimg.cc/V6Yhnr9n/56466465-028-48b9.jpg"},
  {"url":"https://i.postimg.cc/jj69DQfR/56466465-029-8855.jpg"},
  {"url":"https://i.postimg.cc/Kjjsp6HY/58151374-012-e72b.jpg"},
  {"url":"https://i.postimg.cc/zB0cjzpM/58151374-086-ed77.jpg"},
  {"url":"https://i.postimg.cc/6qPbkMkf/58829422-014-98fb.jpg"},
  {"url":"https://i.postimg.cc/T2Ns5PK5/58829422-016-14e9.jpg"},
  {"url":"https://i.postimg.cc/yYJbmzRQ/65446211-013-58c2.jpg"},
  {"url":"https://i.postimg.cc/02LHZHd8/65446211-014-b1f2.jpg"},
  {"url":"https://i.postimg.cc/pLzcSYqK/65446211-015-b1f2.jpg"},
  {"url":"https://i.postimg.cc/hGnZRz56/69356267-042-de7e.jpg"},
  {"url":"https://i.postimg.cc/0NCWk5gQ/69356267-098-fd8b.jpg"},
  {"url":"https://i.postimg.cc/268HVpmx/69356267-112-c3ea.jpg"},
  {"url":"https://i.postimg.cc/26c0WHSN/69936429-016-5f0d.jpg"},
  {"url":"https://i.postimg.cc/WzdXwMdF/74048784-129-fcac.jpg"},
  {"url":"https://i.postimg.cc/J7FT4dFb/74048784-135-3243.jpg"},
  {"url":"https://i.postimg.cc/QCvS4H76/82754208-011-54b9.jpg"},
  {"url":"https://i.postimg.cc/ncQ3sG8N/82754208-013-17e2.jpg"},
  {"url":"https://i.postimg.cc/wjXF2xjV/82754208-015-65d7.jpg"},
  {"url":"https://i.postimg.cc/6pJYC4tq/83768748-002-83bf.jpg"},
  {"url":"https://i.postimg.cc/MGz5Fkc8/83768748-009-2d0e.jpg"},
  {"url":"https://i.postimg.cc/SssrmW7T/83768748-029-e53f.jpg"},
  {"url":"https://i.postimg.cc/GpzK0MYT/83768748-049-98b0.jpg"},
  {"url":"https://i.postimg.cc/tJnNxpcF/83768748-054-64d2.jpg"},
  {"url":"https://i.postimg.cc/XJzgqpsV/86167453-007-4a5b.jpg"},
  {"url":"https://i.postimg.cc/s1F9PbFq/91306471-080-d9ba.jpg"},
  {"url":"https://i.postimg.cc/7P5FV78n/91401237-067-6edf.jpg"},
  {"url":"https://i.postimg.cc/CM9W61wT/91401237-087-c307.jpg"},
  {"url":"https://i.postimg.cc/02mLgsN6/91401237-091-91f8.jpg"},
  {"url":"https://i.postimg.cc/Cxg9SQZc/93564622-089-3260.jpg"},
  {"url":"https://i.postimg.cc/bJsBmXMw/93564622-123-7a26.jpg"},
  {"url":"https://i.postimg.cc/yN65S3y9/93592293-013-6d28.jpg"},
  {"url":"https://i.postimg.cc/8zm95mMN/93592293-014-d932.jpg"},
  {"url":"https://i.postimg.cc/GpMfP3Xf/93592293-015-586a.jpg"},
  {"url":"https://i.postimg.cc/C1X6tPTH/99338429-013-38d7.jpg"},
  {"url":"https://i.postimg.cc/nrmwt4n8/99338429-027-1639.jpg"},
  {"url":"https://i.postimg.cc/MKyrPmsV/99338429-069-c33d.jpg"},
  {"url":"https://i.postimg.cc/QxLyJyqj/99338429-130-089b.jpg"},
  {"url":"https://i.postimg.cc/sgsHtG88/99338429-133-381f.jpg"}, 
  {"url":"https://i.postimg.cc/bwchqy1Y/10552179-066-3ab5.jpg"},
  {"url":"https://i.postimg.cc/GpbnsXMZ/15335782-016-49a3.jpg"},
  {"url":"https://i.postimg.cc/FsJvtddn/28163779-011-a907.jpg"},
  {"url":"https://i.postimg.cc/hjjF2fRs/35989411-006-75e9.jpg"},
  {"url":"https://i.postimg.cc/HncqCRx7/35989411-010-ac19.jpg"},
  {"url":"https://i.postimg.cc/Sx6psBG6/38265917-044-b16a.jpg"},
  {"url":"https://i.postimg.cc/4dFDqsJg/38265917-060-aeb0.jpg"},
  {"url":"https://i.postimg.cc/XvxSK9mX/38265917-067-67ec.jpg"},
  {"url":"https://i.postimg.cc/RhkjCd6p/38265917-079-74b7.jpg"},
  {"url":"https://i.postimg.cc/wx1MvBRD/40148643-010-416d.jpg"},
  {"url":"https://i.postimg.cc/dQg1TKGp/40148643-015-a146.jpg"},
  {"url":"https://i.postimg.cc/DyszrYgZ/41299860-094-6913.jpg"},
  {"url":"https://i.postimg.cc/R0CVzCz6/43393380-017-7306.jpg"},
  {"url":"https://i.postimg.cc/t4j42tSz/43393380-029-03ff.jpg"},
  {"url":"https://i.postimg.cc/x13T7JBV/52328464-037-5f86.jpg"},
  {"url":"https://i.postimg.cc/CKvMMyFv/52328464-058-f185.jpg"},
  {"url":"https://i.postimg.cc/50646Pyf/52328464-065-2e03.jpg"},
  {"url":"https://i.postimg.cc/HnMTtVbK/52328464-084-f049.jpg"},
  {"url":"https://i.postimg.cc/7PJP4QjV/52328464-090-87d7.jpg"},
  {"url":"https://i.postimg.cc/CLyhxsgV/52328464-120-2bf1.jpg"},
  {"url":"https://i.postimg.cc/rFS80RVR/54147870-069-277a.jpg"},
  {"url":"https://i.postimg.cc/cL0dQ1C9/56778914-008-9845.jpg"},
  {"url":"https://i.postimg.cc/wj2gFKs6/56778914-009-d33d.jpg"},
  {"url":"https://i.postimg.cc/g00dTMv3/64030269-081-e05a.jpg"},
  {"url":"https://i.postimg.cc/PxpHtPVx/64030269-137-8144.jpg"},
  {"url":"https://i.postimg.cc/VNH1QjRp/68483353-008-c69b.jpg"},
  {"url":"https://i.postimg.cc/gj3PZ1Wb/68483353-013-c9f7.jpg"},
  {"url":"https://i.postimg.cc/XJRbX4tg/68483353-017-f66b.jpg"},
  {"url":"https://i.postimg.cc/fWdspS0q/71703685-037-46c8.jpg"},
  {"url":"https://i.postimg.cc/8PVGSkRp/71703685-074-6429.jpg"},
  {"url":"https://i.postimg.cc/GhJCh0Kk/72746880-030-c0b2.jpg"},
  {"url":"https://i.postimg.cc/0ykqztXh/73529354-083-b92c.jpg"},
  {"url":"https://i.postimg.cc/ht2RT9Hv/73529354-130-8670.jpg"},
  {"url":"https://i.postimg.cc/KYVXsmcy/81349781-060-3c4d.jpg"},
  {"url":"https://i.postimg.cc/LshKTJpT/82316442-014-61d0.jpg"},
  {"url":"https://i.postimg.cc/d1TbbgDZ/95462390-029-a473.jpg"},
  {"url":"https://i.postimg.cc/XqSR4xyH/95881956-012-f8c4.jpg"},
  {"url":"https://i.postimg.cc/NGRhphWW/95881956-035-3be1.jpg"},
  {"url":"https://i.postimg.cc/28YstcY3/95881956-053-bda5.jpg"},
  {"url":"https://i.postimg.cc/CL43pGM7/95881956-066-583f.jpg"},
  {"url":"https://cdni.viewgals.com/1280/1/352/76123818/76123818_007_cc05.jpg"},
  {"url":"https://cdni.viewgals.com/1280/1/361/70558565/70558565_013_f01f.jpg"},
  {"url":"https://cdn.iamxxx.com/photos/486d608fb7ba4351a17a827496fb9522/20000/20895/02.jpg"},
  {"url":"https://cdn.iamxxx.com/photos/6e4a8a0c39c6f93d8739a3b95d0a551f/20000/20895/04.jpg"},
  {"url":"https://cdn.iamxxx.com/photos/62ff4b7b9fe34035af462d585798456c/20000/20895/06.jpg"},
  {"url":"https://cdn.iamxxx.com/photos/67d709f652ca981ead4c2946681b08f1/20000/20895/07.jpg"},
  {"url":"https://cdn.iamxxx.com/photos/b03c07880fa23b8b70c8369bcfb06abc/20000/20895/12.jpg"},
  {"url":"https://cdn.iamxxx.com/photos/56d2d9141f39bb948d60763f9ea28858/28000/28235/02.jpg"},
  {"url":"https://cdn.iamxxx.com/photos/b3cfa0537654a3ae9a9d3b07a01650cc/6000/6547/13.jpg"},
  {"url":"https://cdn.iamxxx.com/photos/2576e36d4f3c52a2da6acba9c191ad52/6000/6547/12.jpg"},
  {"url":"https://cdn.iamxxx.com/photos/b404f943fd74888c3890cfcf8d2bbf42/6000/6547/19.jpg"},
  {"url":"https://cdn.iamxxx.com/photos/01d32146f3d2d9b2faf744cbe86380bb/29000/29779/09.jpg"},
  {"url":"https://cdn.iamxxx.com/photos/9b8836b186ac47ae7fef6695886e9708/29000/29779/12.jpg"},
  {"url":"https://cdn.iamxxx.com/photos/1870d9fcdbdbdfaa6304315cc7cbf345/29000/29779/17.jpg"},
  {"url":"https://cdni.viewgals.com/1280/1/358/11475270/11475270_011_978b.jpg"},
  {"url":"https://cdni.viewgals.com/1280/1/358/11475270/11475270_010_b2be.jpg"},
  {"url":"https://cdni.viewgals.com/1280/1/358/11475270/11475270_012_7c9a.jpg"},
  {"url":"https://cdni.viewgals.com/1280/1/358/11475270/11475270_014_1c29.jpg"},
  {"url":"https://cdni.viewgals.com/1280/1/358/11475270/11475270_015_b1c0.jpg"},
  {"url":"https://cdni.viewgals.com/1280/1/360/60611999/60611999_006_dbe4.jpg"},
  {"url":"https://cdni.viewgals.com/1280/1/360/60611999/60611999_007_0219.jpg"},
  {"url":"https://cdni.viewgals.com/1280/1/360/60611999/60611999_014_06aa.jpg"},
  {"url":"https://cdni.viewgals.com/1280/1/358/42478681/42478681_002_d828.jpg"},
  {"url":"https://cdni.viewgals.com/1280/1/358/42478681/42478681_007_ad75.jpg"},
  {"url":"https://cdni.viewgals.com/1280/1/358/42478681/42478681_010_e083.jpg"},
  {"url":"https://cdni.viewgals.com/1280/1/358/42478681/42478681_013_0498.jpg"},
  {"url":"https://cdni.viewgals.com/1280/1/358/42478681/42478681_014_6f96.jpg"},
  {"url":"https://cdni.viewgals.com/1280/1/358/43365338/43365338_008_b323.jpg"},
  {"url":"https://cdni.viewgals.com/1280/1/358/43365338/43365338_012_1484.jpg"},
  {"url":"https://cdni.viewgals.com/1280/1/18/26900933/26900933_010_20ff.jpg"},
  {"url":"https://cdni.viewgals.com/1280/1/18/26900933/26900933_011_34ef.jpg"},
  {"url":"https://cdni.viewgals.com/1280/1/349/22695801/22695801_007_f7ab.jpg"},
  {"url":"https://cdni.viewgals.com/1280/1/349/22695801/22695801_005_0bc8.jpg"},
  {"url":"https://cdni.viewgals.com/1280/1/349/22695801/22695801_010_4e44.jpg"},
  {"url":"https://cdni.viewgals.com/1280/1/361/63234217/63234217_005_4ee8.jpg"},
  {"url":"https://cdni.viewgals.com/1280/1/361/63234217/63234217_007_b179.jpg"},
  {"url":"https://cdni.viewgals.com/1280/1/361/63234217/63234217_009_a14d.jpg"},
  {"url":"https://cdni.viewgals.com/1280/1/361/63234217/63234217_010_2399.jpg"},
  {"url":"https://cdni.viewgals.com/1280/1/361/63234217/63234217_011_4bb9.jpg"},
  {"url":"https://cdni.viewgals.com/1280/1/361/63234217/63234217_016_1883.jpg"},
  {"url":"https://cdni.viewgals.com/1280/1/318/50472007/50472007_012_11e6.jpg"},
  {"url":"https://cdni.viewgals.com/1280/1/344/38155671/38155671_010_0bc8.jpg"},
  {"url":"https://cdni.viewgals.com/1280/5/237/75366413/75366413_016_0684.jpg"},
  {"url":"https://cdni.viewgals.com/1280/1/359/99973891/99973891_012_de26.jpg"},
  {"url":"https://cdni.viewgals.com/1280/1/359/69468542/69468542_013_5be8.jpg"},
  {"url":"https://cdni.viewgals.com/1280/1/359/69468542/69468542_015_4b95.jpg"},
  {"url":"https://cdni.viewgals.com/1280/1/271/43434682/43434682_009_e59b.jpg"},
  {"url":"https://cdni.viewgals.com/1280/1/360/33788275/33788275_005_9a7a.jpg"},
  {"url":"https://cdni.viewgals.com/1280/5/105/39689000/39689000_013_2bb6.jpg"},
  {"url":"https://cdni.viewgals.com/1280/5/105/39689000/39689000_016_a952.jpg"},
  {"url":"https://cdn.iamxxx.com/photos/0855e595fdfebd86e5b0bff06c583bcb/20000/20895/01.jpg"},
  {"url":"https://cdn.iamxxx.com/photos/62ff4b7b9fe34035af462d585798456c/20000/20895/06.jpg"},
  {"url":"https://cdn.iamxxx.com/photos/67d709f652ca981ead4c2946681b08f1/20000/20895/07.jpg"},
  {"url":"https://cdn.iamxxx.com/photos/23f13ff4a4b2de2315982af05dbe9661/20000/20895/16.jpg"},
  {"url":"https://cdn.iamxxx.com/photos/b3cfa0537654a3ae9a9d3b07a01650cc/6000/6547/13.jpg"},
  {"url":"https://cdn.iamxxx.com/photos/585b961b1818e0f922405f7e181153af/22000/22156/14.jpg"},
  {"url":"https://cdn.iamxxx.com/photos/6cb91cefea4dee2bbea2c1ae2ad2d689/6000/6717/11.jpg"},
  {"url":"https://cdn.iamxxx.com/photos/2a8ff7f7752469c83803e28baf23c051/6000/6717/12.jpg"},
  {"url":"https://cdn.iamxxx.com/photos/8098ea9bf9cdb9f6dec2eaa409a65e50/2000/2790/14.jpg"},
  {"url":"https://cdn.iamxxx.com/photos/d22ee429b170fe70206e8f0fd2fec4b7/27000/27604/08.jpg"},
  {"url":"https://cdn.iamxxx.com/photos/f5985263e0ff3e8244612067a9ca7443/27000/27604/12.jpg"},
  {"url":"https://cdn.iamxxx.com/photos/4a34271e0ce3e650951029dfabf5acca/27000/27604/13.jpg"},
  {"url":"https://cdni.viewgals.com/1280/1/360/56922289/56922289_004_cad3.jpg"},
  {"url":"https://cdni.viewgals.com/1280/1/360/56922289/56922289_006_c2b4.jpg"},
  {"url":"https://photos.xgroovy.com/contents/albums/sources/231000/231490/227475.jpg"},
  {"url":"https://photos.xgroovy.com/contents/albums/sources/40000/40804/40798.jpg"},
  {"url":"https://photos.xgroovy.com/contents/albums/sources/166000/166786/162557.jpg"},
  {"url":"https://photos.xgroovy.com/contents/albums/sources/247000/247018/243067.jpg"},
  {"url":"https://photos.xgroovy.com/contents/albums/sources/301000/301276/297851.jpg"},
  {"url":"https://photos.xgroovy.com/contents/albums/sources/103000/103947/99612.jpg"},
  {"url":"https://photos.xgroovy.com/contents/albums/sources/159000/159757/155527.jpg"},
  {"url":"https://photos.xgroovy.com/contents/albums/sources/244000/244059/240096.jpg"},
  {"url":"https://photos.xgroovy.com/contents/albums/sources/185000/185316/181088.jpg"},
  {"url":"https://photos.xgroovy.com/contents/albums/sources/192000/192826/188602.jpg"},
  {"url":"https://photos.xgroovy.com/contents/albums/sources/117000/117963/113662.jpg"},
  {"url":"https://photos.xgroovy.com/contents/albums/sources/173000/173456/169229.jpg"},
  {"url":"https://photos.xgroovy.com/contents/albums/sources/1000/1655/165 4.jpg"},
  {"url":"https://photos.xgroovy.com/contents/albums/sources/205000/205266/201103.jpg"},
  {"url":"https://photos.xgroovy.com/contents/albums/sources/193000/193985/189761.jpg"},
  {"url":"https://photos.xgroovy.com/contents/albums/sources/33000/33760/33754.jpg"},
  {"url":"https://photos.xgroovy.com/contents/albums/sources/42000/42176/42170.jpg"},
  {"url":"https://photos.xgroovy.com/contents/albums/sources/244000/244582/240613.jpg"},
  {"url":"https://photos.xgroovy.com/contents/albums/sources/149000/149220/144989.jpg"},
  {"url":"https://photos.xgroovy.com/contents/albums/sources/186000/186433/182203.jpg"},
  {"url":"https://photos.xgroovy.com/contents/albums/sources/178000/178573/174346.jpg"},
  {"url":"https://photos.xgroovy.com/contents/albums/sources/174000/174394/170164.jpg"},
  {"url":"https://photos.xgroovy.com/contents/albums/sources/179000/179061/174834.jpg"},
  {"url":"https://photos.xgroovy.com/contents/albums/sources/423000/423870/422503.jpg"},
  {"url":"https://photos.xgroovy.com/contents/albums/sources/426000/426216/424968.jpg"},
  {"url":"https://photos.xgroovy.com/contents/albums/sources/47000/47159/47166.jpg"},
  {"url":"https://photos.xgroovy.com/contents/albums/sources/58000/58426/58420.jpg"},
  {"url":"https://photos.xgroovy.com/contents/albums/sources/44000/44500/44494.jpg"}
]